applicant_id,business_name,email,password,role
admin,CreditPulse Admin,admin@creditpulse.com,admin123,admin
officer,Loan Officer,loan.officer@creditpulse.com,officer123,admin
1,Heritage Solutions Group,owner_1@heritage.in,heri0001,applicant
2,National Garments Bros,owner_2@national.in,nati0002,applicant
3,Sunrise Works & Co.,owner_3@sunrise.in,sunr0003,applicant
4,Bharat Traders Bros,owner_4@bharat.in,bhar0004,applicant
5,Swadeshi Textiles,owner_5@swadeshi.in,swad0005,applicant
6,Bharat Mfg & Co.,owner_6@bharat.in,bhar0006,applicant
7,Shree Mfg Pvt Ltd,owner_7@shree.in,shre0007,applicant
8,Eagle Components,owner_8@eagle.in,eagl0008,applicant
9,Shree Mart Bros,owner_9@shree.in,shre0009,applicant
10,Swadeshi Agro & Co.,owner_10@swadeshi.in,swad0010,applicant
11,Star Forge Group,owner_11@star.in,star0011,applicant
12,Bharat Stores,owner_12@bharat.in,bhar0012,applicant
13,Sri Ventures & Co.,owner_13@sri.in,sriv0013,applicant
14,Sunrise Stores & Co.,owner_14@sunrise.in,sunr0014,applicant
15,Royal Works LLP,owner_15@royal.in,roya0015,applicant
16,Prime Foods,owner_16@prime.in,prim0016,applicant
17,Eagle Exports Pvt Ltd,owner_17@eagle.in,eagl0017,applicant
18,Swadeshi Tech,owner_18@swadeshi.in,swad0018,applicant
19,Galaxy Enterprises Group,owner_19@galaxy.in,gala0019,applicant
20,Heritage Weaves LLP,owner_20@heritage.in,heri0020,applicant
21,Modern Ventures,owner_21@modern.in,mode0021,applicant
22,Heritage Textiles LLP,owner_22@heritage.in,heri0022,applicant
23,Sunrise Works Bros,owner_23@sunrise.in,sunr0023,applicant
24,Sunrise Naturals Bros,owner_24@sunrise.in,sunr0024,applicant
25,Royal Naturals,owner_25@royal.in,roya0025,applicant
26,National Tech,owner_26@national.in,nati0026,applicant
27,Sri Enterprises Group,owner_27@sri.in,srie0027,applicant
28,National Enterprises Bros,owner_28@national.in,nati0028,applicant
29,Sri Services Pvt Ltd,owner_29@sri.in,sris0029,applicant
30,National Exports Group,owner_30@national.in,nati0030,applicant
31,Bharat Naturals LLP,owner_31@bharat.in,bhar0031,applicant
32,Bharat Traders Bros,owner_32@bharat.in,bhar0032,applicant
33,Bharat Retail LLP,owner_33@bharat.in,bhar0033,applicant
34,Bharat Fabrics & Co.,owner_34@bharat.in,bhar0034,applicant
35,Sri Industries Group,owner_35@sri.in,srii0035,applicant
36,National Retail Pvt Ltd,owner_36@national.in,nati0036,applicant
37,Royal Tech,owner_37@royal.in,roya0037,applicant
38,Sri Retail & Co.,owner_38@sri.in,srir0038,applicant
39,Apex Services,owner_39@apex.in,apex0039,applicant
40,Pioneer Mills,owner_40@pioneer.in,pion0040,applicant
41,Pioneer Retail Pvt Ltd,owner_41@pioneer.in,pion0041,applicant
42,Sunrise Enterprises Bros,owner_42@sunrise.in,sunr0042,applicant
43,Heritage Weaves Bros,owner_43@heritage.in,heri0043,applicant
44,Pioneer Naturals,owner_44@pioneer.in,pion0044,applicant
45,Sri Consultancy LLP,owner_45@sri.in,sric0045,applicant
46,Sunrise Exports Group,owner_46@sunrise.in,sunr0046,applicant
47,Modern Textiles,owner_47@modern.in,mode0047,applicant
48,National Garments,owner_48@national.in,nati0048,applicant
49,Star Foods & Co.,owner_49@star.in,star0049,applicant
50,Sunrise Forge,owner_50@sunrise.in,sunr0050,applicant
51,Sri Exports LLP,owner_51@sri.in,srie0051,applicant
52,Star Industries,owner_52@star.in,star0052,applicant
53,National Mfg,owner_53@national.in,nati0053,applicant
54,Royal Mills Bros,owner_54@royal.in,roya0054,applicant
55,Galaxy Services & Co.,owner_55@galaxy.in,gala0055,applicant
56,Pioneer Foods LLP,owner_56@pioneer.in,pion0056,applicant
57,Galaxy Services,owner_57@galaxy.in,gala0057,applicant
58,Eagle Processors Group,owner_58@eagle.in,eagl0058,applicant
59,Apex Mfg Bros,owner_59@apex.in,apex0059,applicant
60,Eagle Fabrics Pvt Ltd,owner_60@eagle.in,eagl0060,applicant
61,Star Mills Bros,owner_61@star.in,star0061,applicant
62,Sunrise Mfg Pvt Ltd,owner_62@sunrise.in,sunr0062,applicant
63,Pioneer Stores,owner_63@pioneer.in,pion0063,applicant
64,Modern Consultancy,owner_64@modern.in,mode0064,applicant
65,Eagle Weaves Group,owner_65@eagle.in,eagl0065,applicant
66,Galaxy Traders Pvt Ltd,owner_66@galaxy.in,gala0066,applicant
67,Royal Services & Co.,owner_67@royal.in,roya0067,applicant
68,Royal Industries,owner_68@royal.in,roya0068,applicant
69,Swadeshi Industries LLP,owner_69@swadeshi.in,swad0069,applicant
70,Galaxy Enterprises & Co.,owner_70@galaxy.in,gala0070,applicant
71,Sri Weaves LLP,owner_71@sri.in,sriw0071,applicant
72,Sri Components Bros,owner_72@sri.in,sric0072,applicant
73,National Garments Bros,owner_73@national.in,nati0073,applicant
74,Sri Retail Group,owner_74@sri.in,srir0074,applicant
75,Prime Consultancy Bros,owner_75@prime.in,prim0075,applicant
76,Modern Foods & Co.,owner_76@modern.in,mode0076,applicant
77,Sunrise Stores & Co.,owner_77@sunrise.in,sunr0077,applicant
78,Eagle Works Pvt Ltd,owner_78@eagle.in,eagl0078,applicant
79,Apex Foods Bros,owner_79@apex.in,apex0079,applicant
80,Sri Tech Pvt Ltd,owner_80@sri.in,srit0080,applicant
81,Pioneer Components Bros,owner_81@pioneer.in,pion0081,applicant
82,Star Textiles LLP,owner_82@star.in,star0082,applicant
83,Pioneer Exports,owner_83@pioneer.in,pion0083,applicant
84,Apex Services Pvt Ltd,owner_84@apex.in,apex0084,applicant
85,Eagle Solutions Pvt Ltd,owner_85@eagle.in,eagl0085,applicant
86,Shree Tech & Co.,owner_86@shree.in,shre0086,applicant
87,Shree Works Group,owner_87@shree.in,shre0087,applicant
88,Galaxy Industries Bros,owner_88@galaxy.in,gala0088,applicant
89,Apex Naturals Bros,owner_89@apex.in,apex0089,applicant
90,Shree Traders Group,owner_90@shree.in,shre0090,applicant
91,Apex Weaves Bros,owner_91@apex.in,apex0091,applicant
92,National Works Bros,owner_92@national.in,nati0092,applicant
93,Swadeshi Agro LLP,owner_93@swadeshi.in,swad0093,applicant
94,Royal Mart Group,owner_94@royal.in,roya0094,applicant
95,National Exports Bros,owner_95@national.in,nati0095,applicant
96,Modern Traders Group,owner_96@modern.in,mode0096,applicant
97,Pioneer Works,owner_97@pioneer.in,pion0097,applicant
98,Swadeshi Exports & Co.,owner_98@swadeshi.in,swad0098,applicant
99,Eagle Mart Pvt Ltd,owner_99@eagle.in,eagl0099,applicant
100,Pioneer Ventures Group,owner_100@pioneer.in,pion0100,applicant
101,Galaxy Foods LLP,owner_101@galaxy.in,gala0101,applicant
102,Shree Services Group,owner_102@shree.in,shre0102,applicant
103,Royal Traders,owner_103@royal.in,roya0103,applicant
104,Bharat Services LLP,owner_104@bharat.in,bhar0104,applicant
105,Sri Mart Bros,owner_105@sri.in,srim0105,applicant
106,Eagle Textiles LLP,owner_106@eagle.in,eagl0106,applicant
107,Eagle Fabrics & Co.,owner_107@eagle.in,eagl0107,applicant
108,Modern Processors & Co.,owner_108@modern.in,mode0108,applicant
109,Royal Forge & Co.,owner_109@royal.in,roya0109,applicant
110,Apex Tech Group,owner_110@apex.in,apex0110,applicant
111,Bharat Stores Bros,owner_111@bharat.in,bhar0111,applicant
112,Apex Components,owner_112@apex.in,apex0112,applicant
113,Sunrise Services Bros,owner_113@sunrise.in,sunr0113,applicant
114,Bharat Foods Group,owner_114@bharat.in,bhar0114,applicant
115,Apex Foods Pvt Ltd,owner_115@apex.in,apex0115,applicant
116,Sunrise Mills Bros,owner_116@sunrise.in,sunr0116,applicant
117,Sunrise Retail & Co.,owner_117@sunrise.in,sunr0117,applicant
118,Galaxy Consultancy,owner_118@galaxy.in,gala0118,applicant
119,Swadeshi Fabrics Group,owner_119@swadeshi.in,swad0119,applicant
120,Eagle Mfg Bros,owner_120@eagle.in,eagl0120,applicant
121,Royal Works & Co.,owner_121@royal.in,roya0121,applicant
122,Galaxy Forge Group,owner_122@galaxy.in,gala0122,applicant
123,National Forge Bros,owner_123@national.in,nati0123,applicant
124,Modern Naturals Bros,owner_124@modern.in,mode0124,applicant
125,Shree Traders Pvt Ltd,owner_125@shree.in,shre0125,applicant
126,Galaxy Retail Pvt Ltd,owner_126@galaxy.in,gala0126,applicant
127,Galaxy Mfg LLP,owner_127@galaxy.in,gala0127,applicant
128,National Mills Bros,owner_128@national.in,nati0128,applicant
129,Royal Mills,owner_129@royal.in,roya0129,applicant
130,Star Solutions LLP,owner_130@star.in,star0130,applicant
131,National Forge & Co.,owner_131@national.in,nati0131,applicant
132,Bharat Exports LLP,owner_132@bharat.in,bhar0132,applicant
133,Royal Consultancy & Co.,owner_133@royal.in,roya0133,applicant
134,Royal Textiles & Co.,owner_134@royal.in,roya0134,applicant
135,Apex Fabrics,owner_135@apex.in,apex0135,applicant
136,Swadeshi Garments Bros,owner_136@swadeshi.in,swad0136,applicant
137,Bharat Processors Bros,owner_137@bharat.in,bhar0137,applicant
138,Bharat Retail & Co.,owner_138@bharat.in,bhar0138,applicant
139,Apex Stores Group,owner_139@apex.in,apex0139,applicant
140,Apex Enterprises Bros,owner_140@apex.in,apex0140,applicant
141,Apex Forge Group,owner_141@apex.in,apex0141,applicant
142,Modern Stores & Co.,owner_142@modern.in,mode0142,applicant
143,Royal Forge,owner_143@royal.in,roya0143,applicant
144,Prime Weaves,owner_144@prime.in,prim0144,applicant
145,Shree Weaves Bros,owner_145@shree.in,shre0145,applicant
146,Galaxy Mills Bros,owner_146@galaxy.in,gala0146,applicant
147,Modern Consultancy Pvt Ltd,owner_147@modern.in,mode0147,applicant
148,Prime Textiles,owner_148@prime.in,prim0148,applicant
149,Pioneer Weaves,owner_149@pioneer.in,pion0149,applicant
150,Swadeshi Services Bros,owner_150@swadeshi.in,swad0150,applicant
151,Heritage Foods & Co.,owner_151@heritage.in,heri0151,applicant
152,Pioneer Stores & Co.,owner_152@pioneer.in,pion0152,applicant
153,Galaxy Enterprises,owner_153@galaxy.in,gala0153,applicant
154,Swadeshi Services Pvt Ltd,owner_154@swadeshi.in,swad0154,applicant
155,Modern Services Pvt Ltd,owner_155@modern.in,mode0155,applicant
156,Prime Industries Group,owner_156@prime.in,prim0156,applicant
157,Sri Mills Bros,owner_157@sri.in,srim0157,applicant
158,Star Stores Bros,owner_158@star.in,star0158,applicant
159,Sunrise Solutions Bros,owner_159@sunrise.in,sunr0159,applicant
160,Sri Consultancy LLP,owner_160@sri.in,sric0160,applicant
161,Star Fabrics Pvt Ltd,owner_161@star.in,star0161,applicant
162,Pioneer Textiles Bros,owner_162@pioneer.in,pion0162,applicant
163,Modern Components Bros,owner_163@modern.in,mode0163,applicant
164,Heritage Services LLP,owner_164@heritage.in,heri0164,applicant
165,Apex Forge & Co.,owner_165@apex.in,apex0165,applicant
166,Pioneer Ventures Pvt Ltd,owner_166@pioneer.in,pion0166,applicant
167,Star Services Group,owner_167@star.in,star0167,applicant
168,Shree Industries Group,owner_168@shree.in,shre0168,applicant
169,Eagle Components Bros,owner_169@eagle.in,eagl0169,applicant
170,Star Ventures LLP,owner_170@star.in,star0170,applicant
171,Pioneer Tech & Co.,owner_171@pioneer.in,pion0171,applicant
172,Prime Components & Co.,owner_172@prime.in,prim0172,applicant
173,Royal Exports & Co.,owner_173@royal.in,roya0173,applicant
174,Pioneer Weaves LLP,owner_174@pioneer.in,pion0174,applicant
175,Prime Industries Group,owner_175@prime.in,prim0175,applicant
176,Apex Enterprises Bros,owner_176@apex.in,apex0176,applicant
177,Modern Ventures & Co.,owner_177@modern.in,mode0177,applicant
178,Eagle Works LLP,owner_178@eagle.in,eagl0178,applicant
179,Star Forge,owner_179@star.in,star0179,applicant
180,National Solutions,owner_180@national.in,nati0180,applicant
181,Galaxy Exports & Co.,owner_181@galaxy.in,gala0181,applicant
182,Heritage Processors Group,owner_182@heritage.in,heri0182,applicant
183,Bharat Retail Bros,owner_183@bharat.in,bhar0183,applicant
184,Apex Foods & Co.,owner_184@apex.in,apex0184,applicant
185,Swadeshi Processors Bros,owner_185@swadeshi.in,swad0185,applicant
186,Star Weaves LLP,owner_186@star.in,star0186,applicant
187,Prime Services Group,owner_187@prime.in,prim0187,applicant
188,National Services Pvt Ltd,owner_188@national.in,nati0188,applicant
189,Bharat Traders,owner_189@bharat.in,bhar0189,applicant
190,Swadeshi Ventures Group,owner_190@swadeshi.in,swad0190,applicant
191,Sunrise Exports Bros,owner_191@sunrise.in,sunr0191,applicant
192,Shree Consultancy,owner_192@shree.in,shre0192,applicant
193,Eagle Processors LLP,owner_193@eagle.in,eagl0193,applicant
194,Galaxy Garments & Co.,owner_194@galaxy.in,gala0194,applicant
195,Swadeshi Traders Bros,owner_195@swadeshi.in,swad0195,applicant
196,National Forge & Co.,owner_196@national.in,nati0196,applicant
197,Heritage Ventures & Co.,owner_197@heritage.in,heri0197,applicant
198,Galaxy Traders & Co.,owner_198@galaxy.in,gala0198,applicant
199,Bharat Textiles,owner_199@bharat.in,bhar0199,applicant
200,Heritage Traders LLP,owner_200@heritage.in,heri0200,applicant
201,Swadeshi Enterprises Bros,owner_201@swadeshi.in,swad0201,applicant
202,Heritage Mills Bros,owner_202@heritage.in,heri0202,applicant
203,Apex Mfg LLP,owner_203@apex.in,apex0203,applicant
204,Apex Forge Group,owner_204@apex.in,apex0204,applicant
205,Heritage Traders & Co.,owner_205@heritage.in,heri0205,applicant
206,Swadeshi Works,owner_206@swadeshi.in,swad0206,applicant
207,Heritage Mfg Bros,owner_207@heritage.in,heri0207,applicant
208,Sri Mills Group,owner_208@sri.in,srim0208,applicant
209,Apex Industries Group,owner_209@apex.in,apex0209,applicant
210,Apex Fabrics LLP,owner_210@apex.in,apex0210,applicant
211,Eagle Tech Group,owner_211@eagle.in,eagl0211,applicant
212,Shree Exports & Co.,owner_212@shree.in,shre0212,applicant
213,Bharat Exports Bros,owner_213@bharat.in,bhar0213,applicant
214,National Processors,owner_214@national.in,nati0214,applicant
215,Royal Naturals & Co.,owner_215@royal.in,roya0215,applicant
216,Royal Garments & Co.,owner_216@royal.in,roya0216,applicant
217,Apex Consultancy Group,owner_217@apex.in,apex0217,applicant
218,Pioneer Foods Group,owner_218@pioneer.in,pion0218,applicant
219,Star Tech Bros,owner_219@star.in,star0219,applicant
220,Sri Mart,owner_220@sri.in,srim0220,applicant
221,Shree Works Pvt Ltd,owner_221@shree.in,shre0221,applicant
222,National Agro Group,owner_222@national.in,nati0222,applicant
223,Prime Retail Group,owner_223@prime.in,prim0223,applicant
224,Shree Agro Bros,owner_224@shree.in,shre0224,applicant
225,National Forge LLP,owner_225@national.in,nati0225,applicant
226,Sunrise Components & Co.,owner_226@sunrise.in,sunr0226,applicant
227,Apex Processors Bros,owner_227@apex.in,apex0227,applicant
228,Galaxy Textiles Group,owner_228@galaxy.in,gala0228,applicant
229,Swadeshi Enterprises Group,owner_229@swadeshi.in,swad0229,applicant
230,Star Textiles & Co.,owner_230@star.in,star0230,applicant
231,Galaxy Services Bros,owner_231@galaxy.in,gala0231,applicant
232,Modern Solutions Bros,owner_232@modern.in,mode0232,applicant
233,Apex Enterprises LLP,owner_233@apex.in,apex0233,applicant
234,Royal Agro LLP,owner_234@royal.in,roya0234,applicant
235,Galaxy Consultancy,owner_235@galaxy.in,gala0235,applicant
236,Eagle Services Bros,owner_236@eagle.in,eagl0236,applicant
237,Sri Fabrics Bros,owner_237@sri.in,srif0237,applicant
238,Star Mart & Co.,owner_238@star.in,star0238,applicant
239,Heritage Garments & Co.,owner_239@heritage.in,heri0239,applicant
240,National Components Pvt Ltd,owner_240@national.in,nati0240,applicant
241,Shree Weaves Pvt Ltd,owner_241@shree.in,shre0241,applicant
242,Star Ventures Pvt Ltd,owner_242@star.in,star0242,applicant
243,Apex Services Group,owner_243@apex.in,apex0243,applicant
244,Pioneer Services & Co.,owner_244@pioneer.in,pion0244,applicant
245,Swadeshi Forge,owner_245@swadeshi.in,swad0245,applicant
246,Modern Ventures Pvt Ltd,owner_246@modern.in,mode0246,applicant
247,National Retail & Co.,owner_247@national.in,nati0247,applicant
248,Prime Mart Pvt Ltd,owner_248@prime.in,prim0248,applicant
249,Star Consultancy Group,owner_249@star.in,star0249,applicant
250,Galaxy Forge,owner_250@galaxy.in,gala0250,applicant
251,Prime Processors & Co.,owner_251@prime.in,prim0251,applicant
252,Eagle Solutions & Co.,owner_252@eagle.in,eagl0252,applicant
253,Apex Fabrics LLP,owner_253@apex.in,apex0253,applicant
254,Prime Works,owner_254@prime.in,prim0254,applicant
255,Royal Fabrics Pvt Ltd,owner_255@royal.in,roya0255,applicant
256,Pioneer Textiles Pvt Ltd,owner_256@pioneer.in,pion0256,applicant
257,Apex Enterprises LLP,owner_257@apex.in,apex0257,applicant
258,Royal Retail & Co.,owner_258@royal.in,roya0258,applicant
259,Apex Enterprises,owner_259@apex.in,apex0259,applicant
260,Bharat Mills Pvt Ltd,owner_260@bharat.in,bhar0260,applicant
261,Bharat Mart Pvt Ltd,owner_261@bharat.in,bhar0261,applicant
262,Galaxy Works & Co.,owner_262@galaxy.in,gala0262,applicant
263,Modern Mfg & Co.,owner_263@modern.in,mode0263,applicant
264,Sunrise Solutions Bros,owner_264@sunrise.in,sunr0264,applicant
265,Shree Ventures Bros,owner_265@shree.in,shre0265,applicant
266,Pioneer Industries Bros,owner_266@pioneer.in,pion0266,applicant
267,Prime Foods LLP,owner_267@prime.in,prim0267,applicant
268,Prime Industries Bros,owner_268@prime.in,prim0268,applicant
269,Swadeshi Traders LLP,owner_269@swadeshi.in,swad0269,applicant
270,Prime Stores & Co.,owner_270@prime.in,prim0270,applicant
271,Galaxy Components Pvt Ltd,owner_271@galaxy.in,gala0271,applicant
272,Prime Agro Group,owner_272@prime.in,prim0272,applicant
273,Bharat Textiles,owner_273@bharat.in,bhar0273,applicant
274,Galaxy Forge Bros,owner_274@galaxy.in,gala0274,applicant
275,Star Solutions Group,owner_275@star.in,star0275,applicant
276,Bharat Enterprises,owner_276@bharat.in,bhar0276,applicant
277,Galaxy Fabrics & Co.,owner_277@galaxy.in,gala0277,applicant
278,Eagle Components,owner_278@eagle.in,eagl0278,applicant
279,Swadeshi Stores & Co.,owner_279@swadeshi.in,swad0279,applicant
280,Heritage Forge Group,owner_280@heritage.in,heri0280,applicant
281,Bharat Ventures & Co.,owner_281@bharat.in,bhar0281,applicant
282,Bharat Services Bros,owner_282@bharat.in,bhar0282,applicant
283,Royal Fabrics Bros,owner_283@royal.in,roya0283,applicant
284,Sri Retail LLP,owner_284@sri.in,srir0284,applicant
285,Galaxy Industries Bros,owner_285@galaxy.in,gala0285,applicant
286,Eagle Components Group,owner_286@eagle.in,eagl0286,applicant
287,Galaxy Services Pvt Ltd,owner_287@galaxy.in,gala0287,applicant
288,Prime Works Group,owner_288@prime.in,prim0288,applicant
289,Modern Agro LLP,owner_289@modern.in,mode0289,applicant
290,Royal Stores LLP,owner_290@royal.in,roya0290,applicant
291,Eagle Services,owner_291@eagle.in,eagl0291,applicant
292,National Mills Pvt Ltd,owner_292@national.in,nati0292,applicant
293,Swadeshi Agro LLP,owner_293@swadeshi.in,swad0293,applicant
294,Prime Weaves & Co.,owner_294@prime.in,prim0294,applicant
295,Shree Weaves LLP,owner_295@shree.in,shre0295,applicant
296,Sri Textiles LLP,owner_296@sri.in,srit0296,applicant
297,Star Mfg & Co.,owner_297@star.in,star0297,applicant
298,Galaxy Agro Bros,owner_298@galaxy.in,gala0298,applicant
299,Swadeshi Textiles & Co.,owner_299@swadeshi.in,swad0299,applicant
300,Galaxy Foods LLP,owner_300@galaxy.in,gala0300,applicant
301,Heritage Exports Pvt Ltd,owner_301@heritage.in,heri0301,applicant
302,Sri Mills Bros,owner_302@sri.in,srim0302,applicant
303,National Works LLP,owner_303@national.in,nati0303,applicant
304,National Textiles,owner_304@national.in,nati0304,applicant
305,Sri Textiles,owner_305@sri.in,srit0305,applicant
306,Eagle Ventures LLP,owner_306@eagle.in,eagl0306,applicant
307,Sunrise Solutions & Co.,owner_307@sunrise.in,sunr0307,applicant
308,Modern Retail Group,owner_308@modern.in,mode0308,applicant
309,Sunrise Works LLP,owner_309@sunrise.in,sunr0309,applicant
310,Shree Industries Bros,owner_310@shree.in,shre0310,applicant
311,Apex Mills,owner_311@apex.in,apex0311,applicant
312,Heritage Garments LLP,owner_312@heritage.in,heri0312,applicant
313,Sunrise Components Bros,owner_313@sunrise.in,sunr0313,applicant
314,Pioneer Garments & Co.,owner_314@pioneer.in,pion0314,applicant
315,Prime Weaves Bros,owner_315@prime.in,prim0315,applicant
316,Sri Components LLP,owner_316@sri.in,sric0316,applicant
317,Sunrise Components & Co.,owner_317@sunrise.in,sunr0317,applicant
318,Modern Tech Pvt Ltd,owner_318@modern.in,mode0318,applicant
319,Star Forge Bros,owner_319@star.in,star0319,applicant
320,Swadeshi Works Pvt Ltd,owner_320@swadeshi.in,swad0320,applicant
321,National Forge LLP,owner_321@national.in,nati0321,applicant
322,Eagle Retail Pvt Ltd,owner_322@eagle.in,eagl0322,applicant
323,Galaxy Mart & Co.,owner_323@galaxy.in,gala0323,applicant
324,Star Services Pvt Ltd,owner_324@star.in,star0324,applicant
325,Galaxy Industries LLP,owner_325@galaxy.in,gala0325,applicant
326,Swadeshi Consultancy,owner_326@swadeshi.in,swad0326,applicant
327,Modern Fabrics Pvt Ltd,owner_327@modern.in,mode0327,applicant
328,Heritage Traders LLP,owner_328@heritage.in,heri0328,applicant
329,Modern Tech Pvt Ltd,owner_329@modern.in,mode0329,applicant
330,Eagle Exports,owner_330@eagle.in,eagl0330,applicant
331,Sunrise Solutions Pvt Ltd,owner_331@sunrise.in,sunr0331,applicant
332,Star Garments,owner_332@star.in,star0332,applicant
333,Royal Stores Pvt Ltd,owner_333@royal.in,roya0333,applicant
334,Pioneer Naturals LLP,owner_334@pioneer.in,pion0334,applicant
335,Royal Services LLP,owner_335@royal.in,roya0335,applicant
336,Shree Solutions Pvt Ltd,owner_336@shree.in,shre0336,applicant
337,Heritage Traders Bros,owner_337@heritage.in,heri0337,applicant
338,Shree Components Group,owner_338@shree.in,shre0338,applicant
339,Sunrise Weaves Group,owner_339@sunrise.in,sunr0339,applicant
340,Pioneer Forge Pvt Ltd,owner_340@pioneer.in,pion0340,applicant
341,Pioneer Services LLP,owner_341@pioneer.in,pion0341,applicant
342,Bharat Components & Co.,owner_342@bharat.in,bhar0342,applicant
343,Apex Ventures Pvt Ltd,owner_343@apex.in,apex0343,applicant
344,Sunrise Fabrics LLP,owner_344@sunrise.in,sunr0344,applicant
345,Bharat Mart Bros,owner_345@bharat.in,bhar0345,applicant
346,Galaxy Tech & Co.,owner_346@galaxy.in,gala0346,applicant
347,Eagle Mart,owner_347@eagle.in,eagl0347,applicant
348,Heritage Works & Co.,owner_348@heritage.in,heri0348,applicant
349,Galaxy Components Bros,owner_349@galaxy.in,gala0349,applicant
350,Shree Stores Group,owner_350@shree.in,shre0350,applicant
351,Sunrise Naturals,owner_351@sunrise.in,sunr0351,applicant
352,Galaxy Mart,owner_352@galaxy.in,gala0352,applicant
353,Swadeshi Works LLP,owner_353@swadeshi.in,swad0353,applicant
354,Heritage Foods Group,owner_354@heritage.in,heri0354,applicant
355,Modern Weaves LLP,owner_355@modern.in,mode0355,applicant
356,Pioneer Services & Co.,owner_356@pioneer.in,pion0356,applicant
357,Pioneer Textiles LLP,owner_357@pioneer.in,pion0357,applicant
358,Swadeshi Services Bros,owner_358@swadeshi.in,swad0358,applicant
359,Swadeshi Mart LLP,owner_359@swadeshi.in,swad0359,applicant
360,Sunrise Works Bros,owner_360@sunrise.in,sunr0360,applicant
361,Modern Fabrics Bros,owner_361@modern.in,mode0361,applicant
362,Apex Mart Group,owner_362@apex.in,apex0362,applicant
363,Modern Traders LLP,owner_363@modern.in,mode0363,applicant
364,Prime Solutions,owner_364@prime.in,prim0364,applicant
365,Modern Traders Bros,owner_365@modern.in,mode0365,applicant
366,Swadeshi Enterprises & Co.,owner_366@swadeshi.in,swad0366,applicant
367,Prime Services & Co.,owner_367@prime.in,prim0367,applicant
368,Modern Forge Bros,owner_368@modern.in,mode0368,applicant
369,Royal Mart Group,owner_369@royal.in,roya0369,applicant
370,Prime Tech Bros,owner_370@prime.in,prim0370,applicant
371,Sri Garments Pvt Ltd,owner_371@sri.in,srig0371,applicant
372,Sri Traders & Co.,owner_372@sri.in,srit0372,applicant
373,Heritage Fabrics,owner_373@heritage.in,heri0373,applicant
374,Swadeshi Fabrics LLP,owner_374@swadeshi.in,swad0374,applicant
375,Sunrise Components,owner_375@sunrise.in,sunr0375,applicant
376,Apex Works Group,owner_376@apex.in,apex0376,applicant
377,Modern Components & Co.,owner_377@modern.in,mode0377,applicant
378,Star Solutions Bros,owner_378@star.in,star0378,applicant
379,Pioneer Stores,owner_379@pioneer.in,pion0379,applicant
380,Pioneer Ventures & Co.,owner_380@pioneer.in,pion0380,applicant
381,Prime Weaves & Co.,owner_381@prime.in,prim0381,applicant
382,Star Industries LLP,owner_382@star.in,star0382,applicant
383,Bharat Services & Co.,owner_383@bharat.in,bhar0383,applicant
384,Sri Mfg,owner_384@sri.in,srim0384,applicant
385,Bharat Mart Bros,owner_385@bharat.in,bhar0385,applicant
386,Star Foods LLP,owner_386@star.in,star0386,applicant
387,Shree Weaves Group,owner_387@shree.in,shre0387,applicant
388,Swadeshi Textiles Bros,owner_388@swadeshi.in,swad0388,applicant
389,Royal Stores LLP,owner_389@royal.in,roya0389,applicant
390,Star Retail,owner_390@star.in,star0390,applicant
391,Royal Agro Group,owner_391@royal.in,roya0391,applicant
392,Bharat Naturals LLP,owner_392@bharat.in,bhar0392,applicant
393,Prime Garments Group,owner_393@prime.in,prim0393,applicant
394,Bharat Fabrics,owner_394@bharat.in,bhar0394,applicant
395,Prime Processors Pvt Ltd,owner_395@prime.in,prim0395,applicant
396,Swadeshi Consultancy & Co.,owner_396@swadeshi.in,swad0396,applicant
397,Heritage Services Bros,owner_397@heritage.in,heri0397,applicant
398,Heritage Mart Bros,owner_398@heritage.in,heri0398,applicant
399,Modern Consultancy Bros,owner_399@modern.in,mode0399,applicant
400,National Weaves Pvt Ltd,owner_400@national.in,nati0400,applicant
401,Sri Mart Group,owner_401@sri.in,srim0401,applicant
402,Star Mills & Co.,owner_402@star.in,star0402,applicant
403,Bharat Traders LLP,owner_403@bharat.in,bhar0403,applicant
404,Galaxy Tech & Co.,owner_404@galaxy.in,gala0404,applicant
405,Eagle Stores Bros,owner_405@eagle.in,eagl0405,applicant
406,Heritage Enterprises,owner_406@heritage.in,heri0406,applicant
407,Sri Mills Pvt Ltd,owner_407@sri.in,srim0407,applicant
408,Bharat Components LLP,owner_408@bharat.in,bhar0408,applicant
409,Star Ventures LLP,owner_409@star.in,star0409,applicant
410,Galaxy Consultancy Group,owner_410@galaxy.in,gala0410,applicant
411,Sri Ventures LLP,owner_411@sri.in,sriv0411,applicant
412,Galaxy Solutions LLP,owner_412@galaxy.in,gala0412,applicant
413,Eagle Works LLP,owner_413@eagle.in,eagl0413,applicant
414,Sunrise Stores,owner_414@sunrise.in,sunr0414,applicant
415,Sunrise Ventures & Co.,owner_415@sunrise.in,sunr0415,applicant
416,Royal Enterprises Bros,owner_416@royal.in,roya0416,applicant
417,Prime Mart,owner_417@prime.in,prim0417,applicant
418,Pioneer Mart Bros,owner_418@pioneer.in,pion0418,applicant
419,Heritage Stores Pvt Ltd,owner_419@heritage.in,heri0419,applicant
420,Swadeshi Agro Pvt Ltd,owner_420@swadeshi.in,swad0420,applicant
421,Galaxy Fabrics LLP,owner_421@galaxy.in,gala0421,applicant
422,Swadeshi Retail LLP,owner_422@swadeshi.in,swad0422,applicant
423,Eagle Forge Group,owner_423@eagle.in,eagl0423,applicant
424,Sri Fabrics Pvt Ltd,owner_424@sri.in,srif0424,applicant
425,Swadeshi Fabrics LLP,owner_425@swadeshi.in,swad0425,applicant
426,Heritage Exports & Co.,owner_426@heritage.in,heri0426,applicant
427,Galaxy Mills,owner_427@galaxy.in,gala0427,applicant
428,Royal Stores Bros,owner_428@royal.in,roya0428,applicant
429,National Exports Bros,owner_429@national.in,nati0429,applicant
430,Sri Forge LLP,owner_430@sri.in,srif0430,applicant
431,Eagle Retail Group,owner_431@eagle.in,eagl0431,applicant
432,Shree Ventures & Co.,owner_432@shree.in,shre0432,applicant
433,Apex Works Pvt Ltd,owner_433@apex.in,apex0433,applicant
434,Pioneer Retail LLP,owner_434@pioneer.in,pion0434,applicant
435,Apex Traders Pvt Ltd,owner_435@apex.in,apex0435,applicant
436,Shree Garments LLP,owner_436@shree.in,shre0436,applicant
437,Bharat Solutions & Co.,owner_437@bharat.in,bhar0437,applicant
438,Galaxy Naturals LLP,owner_438@galaxy.in,gala0438,applicant
439,National Naturals & Co.,owner_439@national.in,nati0439,applicant
440,Eagle Retail Bros,owner_440@eagle.in,eagl0440,applicant
441,Swadeshi Forge & Co.,owner_441@swadeshi.in,swad0441,applicant
442,Star Enterprises,owner_442@star.in,star0442,applicant
443,Prime Exports,owner_443@prime.in,prim0443,applicant
444,Apex Garments LLP,owner_444@apex.in,apex0444,applicant
445,Prime Mart & Co.,owner_445@prime.in,prim0445,applicant
446,Shree Traders Pvt Ltd,owner_446@shree.in,shre0446,applicant
447,Royal Mfg Pvt Ltd,owner_447@royal.in,roya0447,applicant
448,Bharat Industries Pvt Ltd,owner_448@bharat.in,bhar0448,applicant
449,Star Mfg & Co.,owner_449@star.in,star0449,applicant
450,Bharat Consultancy LLP,owner_450@bharat.in,bhar0450,applicant
451,Heritage Mills,owner_451@heritage.in,heri0451,applicant
452,Star Naturals LLP,owner_452@star.in,star0452,applicant
453,Modern Industries LLP,owner_453@modern.in,mode0453,applicant
454,Sri Components Pvt Ltd,owner_454@sri.in,sric0454,applicant
455,Sunrise Mills & Co.,owner_455@sunrise.in,sunr0455,applicant
456,Pioneer Mills,owner_456@pioneer.in,pion0456,applicant
457,Galaxy Industries Bros,owner_457@galaxy.in,gala0457,applicant
458,Sri Industries Bros,owner_458@sri.in,srii0458,applicant
459,Prime Industries,owner_459@prime.in,prim0459,applicant
460,Eagle Foods & Co.,owner_460@eagle.in,eagl0460,applicant
461,Sunrise Traders,owner_461@sunrise.in,sunr0461,applicant
462,Eagle Industries Group,owner_462@eagle.in,eagl0462,applicant
463,Swadeshi Components LLP,owner_463@swadeshi.in,swad0463,applicant
464,Swadeshi Tech,owner_464@swadeshi.in,swad0464,applicant
465,Modern Foods LLP,owner_465@modern.in,mode0465,applicant
466,Pioneer Retail & Co.,owner_466@pioneer.in,pion0466,applicant
467,Pioneer Mfg,owner_467@pioneer.in,pion0467,applicant
468,Heritage Exports Pvt Ltd,owner_468@heritage.in,heri0468,applicant
469,Heritage Industries,owner_469@heritage.in,heri0469,applicant
470,Royal Naturals & Co.,owner_470@royal.in,roya0470,applicant
471,Sunrise Mart LLP,owner_471@sunrise.in,sunr0471,applicant
472,National Ventures,owner_472@national.in,nati0472,applicant
473,Bharat Exports Group,owner_473@bharat.in,bhar0473,applicant
474,Galaxy Services & Co.,owner_474@galaxy.in,gala0474,applicant
475,Sunrise Agro Bros,owner_475@sunrise.in,sunr0475,applicant
476,Sri Fabrics & Co.,owner_476@sri.in,srif0476,applicant
477,Swadeshi Forge LLP,owner_477@swadeshi.in,swad0477,applicant
478,Apex Enterprises Bros,owner_478@apex.in,apex0478,applicant
479,Heritage Tech Pvt Ltd,owner_479@heritage.in,heri0479,applicant
480,Modern Tech Bros,owner_480@modern.in,mode0480,applicant
481,Sunrise Industries Bros,owner_481@sunrise.in,sunr0481,applicant
482,Shree Components Group,owner_482@shree.in,shre0482,applicant
483,Shree Ventures Pvt Ltd,owner_483@shree.in,shre0483,applicant
484,Heritage Weaves Group,owner_484@heritage.in,heri0484,applicant
485,Heritage Solutions,owner_485@heritage.in,heri0485,applicant
486,Prime Mills Group,owner_486@prime.in,prim0486,applicant
487,National Tech LLP,owner_487@national.in,nati0487,applicant
488,Pioneer Services Pvt Ltd,owner_488@pioneer.in,pion0488,applicant
489,Sunrise Mart Pvt Ltd,owner_489@sunrise.in,sunr0489,applicant
490,Pioneer Weaves,owner_490@pioneer.in,pion0490,applicant
491,Prime Consultancy Pvt Ltd,owner_491@prime.in,prim0491,applicant
492,Modern Textiles Group,owner_492@modern.in,mode0492,applicant
493,Star Industries Group,owner_493@star.in,star0493,applicant
494,Royal Exports Group,owner_494@royal.in,roya0494,applicant
495,Sunrise Stores Pvt Ltd,owner_495@sunrise.in,sunr0495,applicant
496,Royal Fabrics LLP,owner_496@royal.in,roya0496,applicant
497,Star Consultancy Bros,owner_497@star.in,star0497,applicant
498,Modern Mfg LLP,owner_498@modern.in,mode0498,applicant
499,Sunrise Fabrics & Co.,owner_499@sunrise.in,sunr0499,applicant
500,Sri Exports Pvt Ltd,owner_500@sri.in,srie0500,applicant
501,Bharat Traders Pvt Ltd,owner_501@bharat.in,bhar0501,applicant
502,Bharat Fabrics,owner_502@bharat.in,bhar0502,applicant
503,Heritage Consultancy Bros,owner_503@heritage.in,heri0503,applicant
504,Star Tech,owner_504@star.in,star0504,applicant
505,Prime Textiles,owner_505@prime.in,prim0505,applicant
506,Swadeshi Processors Group,owner_506@swadeshi.in,swad0506,applicant
507,Heritage Naturals Group,owner_507@heritage.in,heri0507,applicant
508,Bharat Foods,owner_508@bharat.in,bhar0508,applicant
509,Swadeshi Consultancy,owner_509@swadeshi.in,swad0509,applicant
510,Galaxy Solutions LLP,owner_510@galaxy.in,gala0510,applicant
511,Star Textiles & Co.,owner_511@star.in,star0511,applicant
512,Galaxy Weaves Bros,owner_512@galaxy.in,gala0512,applicant
513,Heritage Exports,owner_513@heritage.in,heri0513,applicant
514,Pioneer Exports Pvt Ltd,owner_514@pioneer.in,pion0514,applicant
515,Eagle Agro,owner_515@eagle.in,eagl0515,applicant
516,Shree Agro & Co.,owner_516@shree.in,shre0516,applicant
517,Sunrise Garments Group,owner_517@sunrise.in,sunr0517,applicant
518,Royal Components LLP,owner_518@royal.in,roya0518,applicant
519,Star Fabrics & Co.,owner_519@star.in,star0519,applicant
520,Shree Works Group,owner_520@shree.in,shre0520,applicant
521,Galaxy Garments Pvt Ltd,owner_521@galaxy.in,gala0521,applicant
522,Eagle Textiles Group,owner_522@eagle.in,eagl0522,applicant
523,Pioneer Enterprises Bros,owner_523@pioneer.in,pion0523,applicant
524,Apex Exports,owner_524@apex.in,apex0524,applicant
525,Royal Works,owner_525@royal.in,roya0525,applicant
526,Sunrise Agro LLP,owner_526@sunrise.in,sunr0526,applicant
527,Sri Agro Bros,owner_527@sri.in,sria0527,applicant
528,Modern Mills Group,owner_528@modern.in,mode0528,applicant
529,Bharat Fabrics Bros,owner_529@bharat.in,bhar0529,applicant
530,Sunrise Tech Bros,owner_530@sunrise.in,sunr0530,applicant
531,Royal Components,owner_531@royal.in,roya0531,applicant
532,Star Mart LLP,owner_532@star.in,star0532,applicant
533,Heritage Exports Bros,owner_533@heritage.in,heri0533,applicant
534,Eagle Tech LLP,owner_534@eagle.in,eagl0534,applicant
535,Shree Ventures,owner_535@shree.in,shre0535,applicant
536,Star Foods Bros,owner_536@star.in,star0536,applicant
537,Sunrise Traders Bros,owner_537@sunrise.in,sunr0537,applicant
538,Shree Weaves LLP,owner_538@shree.in,shre0538,applicant
539,National Retail Bros,owner_539@national.in,nati0539,applicant
540,Sri Consultancy & Co.,owner_540@sri.in,sric0540,applicant
541,Pioneer Enterprises & Co.,owner_541@pioneer.in,pion0541,applicant
542,Sri Processors Bros,owner_542@sri.in,srip0542,applicant
543,Pioneer Agro Pvt Ltd,owner_543@pioneer.in,pion0543,applicant
544,Bharat Agro & Co.,owner_544@bharat.in,bhar0544,applicant
545,Modern Mills LLP,owner_545@modern.in,mode0545,applicant
546,Eagle Fabrics LLP,owner_546@eagle.in,eagl0546,applicant
547,Sunrise Ventures & Co.,owner_547@sunrise.in,sunr0547,applicant
548,National Processors,owner_548@national.in,nati0548,applicant
549,Shree Components Bros,owner_549@shree.in,shre0549,applicant
550,Eagle Fabrics Group,owner_550@eagle.in,eagl0550,applicant
551,Sri Foods,owner_551@sri.in,srif0551,applicant
552,Star Processors,owner_552@star.in,star0552,applicant
553,Sunrise Mills,owner_553@sunrise.in,sunr0553,applicant
554,Bharat Forge Bros,owner_554@bharat.in,bhar0554,applicant
555,Bharat Industries,owner_555@bharat.in,bhar0555,applicant
556,Sri Traders & Co.,owner_556@sri.in,srit0556,applicant
557,National Industries,owner_557@national.in,nati0557,applicant
558,Modern Industries & Co.,owner_558@modern.in,mode0558,applicant
559,Pioneer Services Bros,owner_559@pioneer.in,pion0559,applicant
560,Prime Consultancy Group,owner_560@prime.in,prim0560,applicant
561,Star Services Group,owner_561@star.in,star0561,applicant
562,Shree Tech Bros,owner_562@shree.in,shre0562,applicant
563,Modern Mfg LLP,owner_563@modern.in,mode0563,applicant
564,Bharat Components LLP,owner_564@bharat.in,bhar0564,applicant
565,Sunrise Traders LLP,owner_565@sunrise.in,sunr0565,applicant
566,Bharat Tech Pvt Ltd,owner_566@bharat.in,bhar0566,applicant
567,Pioneer Industries Bros,owner_567@pioneer.in,pion0567,applicant
568,Bharat Services & Co.,owner_568@bharat.in,bhar0568,applicant
569,Shree Mills Group,owner_569@shree.in,shre0569,applicant
570,Sunrise Traders Group,owner_570@sunrise.in,sunr0570,applicant
571,Heritage Forge Bros,owner_571@heritage.in,heri0571,applicant
572,National Retail Group,owner_572@national.in,nati0572,applicant
573,Modern Naturals Group,owner_573@modern.in,mode0573,applicant
574,Shree Tech & Co.,owner_574@shree.in,shre0574,applicant
575,Swadeshi Stores LLP,owner_575@swadeshi.in,swad0575,applicant
576,Sunrise Tech LLP,owner_576@sunrise.in,sunr0576,applicant
577,Swadeshi Fabrics & Co.,owner_577@swadeshi.in,swad0577,applicant
578,Eagle Garments & Co.,owner_578@eagle.in,eagl0578,applicant
579,Shree Traders & Co.,owner_579@shree.in,shre0579,applicant
580,Royal Tech,owner_580@royal.in,roya0580,applicant
581,Sri Traders Bros,owner_581@sri.in,srit0581,applicant
582,Sri Traders Group,owner_582@sri.in,srit0582,applicant
583,Heritage Fabrics LLP,owner_583@heritage.in,heri0583,applicant
584,Sunrise Works Bros,owner_584@sunrise.in,sunr0584,applicant
585,Star Solutions Pvt Ltd,owner_585@star.in,star0585,applicant
586,Star Weaves Pvt Ltd,owner_586@star.in,star0586,applicant
587,Eagle Mills Pvt Ltd,owner_587@eagle.in,eagl0587,applicant
588,Sri Fabrics Pvt Ltd,owner_588@sri.in,srif0588,applicant
589,Modern Retail Group,owner_589@modern.in,mode0589,applicant
590,Heritage Traders Pvt Ltd,owner_590@heritage.in,heri0590,applicant
591,Galaxy Processors Bros,owner_591@galaxy.in,gala0591,applicant
592,Apex Exports Pvt Ltd,owner_592@apex.in,apex0592,applicant
593,Heritage Garments Bros,owner_593@heritage.in,heri0593,applicant
594,Pioneer Naturals Pvt Ltd,owner_594@pioneer.in,pion0594,applicant
595,Bharat Garments,owner_595@bharat.in,bhar0595,applicant
596,Sunrise Industries,owner_596@sunrise.in,sunr0596,applicant
597,Sunrise Fabrics,owner_597@sunrise.in,sunr0597,applicant
598,Apex Forge,owner_598@apex.in,apex0598,applicant
599,Modern Fabrics Group,owner_599@modern.in,mode0599,applicant
600,Heritage Works & Co.,owner_600@heritage.in,heri0600,applicant
601,Pioneer Foods LLP,owner_601@pioneer.in,pion0601,applicant
602,Heritage Fabrics & Co.,owner_602@heritage.in,heri0602,applicant
603,Royal Components & Co.,owner_603@royal.in,roya0603,applicant
604,Pioneer Tech Pvt Ltd,owner_604@pioneer.in,pion0604,applicant
605,Heritage Agro Bros,owner_605@heritage.in,heri0605,applicant
606,Bharat Traders Pvt Ltd,owner_606@bharat.in,bhar0606,applicant
607,Sunrise Mart Pvt Ltd,owner_607@sunrise.in,sunr0607,applicant
608,Star Stores & Co.,owner_608@star.in,star0608,applicant
609,Shree Stores,owner_609@shree.in,shre0609,applicant
610,National Works Pvt Ltd,owner_610@national.in,nati0610,applicant
611,Royal Mart Pvt Ltd,owner_611@royal.in,roya0611,applicant
612,Sri Consultancy Bros,owner_612@sri.in,sric0612,applicant
613,Eagle Garments,owner_613@eagle.in,eagl0613,applicant
614,Prime Garments LLP,owner_614@prime.in,prim0614,applicant
615,Royal Fabrics & Co.,owner_615@royal.in,roya0615,applicant
616,Bharat Services Bros,owner_616@bharat.in,bhar0616,applicant
617,Heritage Works,owner_617@heritage.in,heri0617,applicant
618,Eagle Stores Bros,owner_618@eagle.in,eagl0618,applicant
619,Prime Components LLP,owner_619@prime.in,prim0619,applicant
620,Bharat Enterprises Bros,owner_620@bharat.in,bhar0620,applicant
621,Pioneer Processors Pvt Ltd,owner_621@pioneer.in,pion0621,applicant
622,Apex Agro LLP,owner_622@apex.in,apex0622,applicant
623,National Industries Group,owner_623@national.in,nati0623,applicant
624,Sri Mfg Bros,owner_624@sri.in,srim0624,applicant
625,Swadeshi Foods & Co.,owner_625@swadeshi.in,swad0625,applicant
626,Pioneer Stores Group,owner_626@pioneer.in,pion0626,applicant
627,Pioneer Naturals Pvt Ltd,owner_627@pioneer.in,pion0627,applicant
628,Royal Traders & Co.,owner_628@royal.in,roya0628,applicant
629,Prime Foods Pvt Ltd,owner_629@prime.in,prim0629,applicant
630,National Naturals Bros,owner_630@national.in,nati0630,applicant
631,Sri Mart & Co.,owner_631@sri.in,srim0631,applicant
632,Apex Solutions Pvt Ltd,owner_632@apex.in,apex0632,applicant
633,Eagle Retail,owner_633@eagle.in,eagl0633,applicant
634,Apex Components LLP,owner_634@apex.in,apex0634,applicant
635,Bharat Consultancy Group,owner_635@bharat.in,bhar0635,applicant
636,Shree Traders & Co.,owner_636@shree.in,shre0636,applicant
637,Heritage Textiles Group,owner_637@heritage.in,heri0637,applicant
638,Bharat Solutions LLP,owner_638@bharat.in,bhar0638,applicant
639,Galaxy Fabrics LLP,owner_639@galaxy.in,gala0639,applicant
640,National Mfg,owner_640@national.in,nati0640,applicant
641,Pioneer Stores Group,owner_641@pioneer.in,pion0641,applicant
642,Apex Ventures Bros,owner_642@apex.in,apex0642,applicant
643,Modern Foods Pvt Ltd,owner_643@modern.in,mode0643,applicant
644,Modern Stores Group,owner_644@modern.in,mode0644,applicant
645,Sunrise Industries & Co.,owner_645@sunrise.in,sunr0645,applicant
646,Prime Naturals,owner_646@prime.in,prim0646,applicant
647,Apex Enterprises Group,owner_647@apex.in,apex0647,applicant
648,Pioneer Enterprises & Co.,owner_648@pioneer.in,pion0648,applicant
649,Heritage Stores Group,owner_649@heritage.in,heri0649,applicant
650,Swadeshi Ventures Group,owner_650@swadeshi.in,swad0650,applicant
651,Eagle Solutions & Co.,owner_651@eagle.in,eagl0651,applicant
652,Modern Traders Bros,owner_652@modern.in,mode0652,applicant
653,Pioneer Foods Bros,owner_653@pioneer.in,pion0653,applicant
654,Star Enterprises Pvt Ltd,owner_654@star.in,star0654,applicant
655,Sri Weaves LLP,owner_655@sri.in,sriw0655,applicant
656,Sunrise Ventures LLP,owner_656@sunrise.in,sunr0656,applicant
657,National Retail Group,owner_657@national.in,nati0657,applicant
658,Prime Traders & Co.,owner_658@prime.in,prim0658,applicant
659,Galaxy Processors,owner_659@galaxy.in,gala0659,applicant
660,Prime Consultancy,owner_660@prime.in,prim0660,applicant
661,Heritage Solutions,owner_661@heritage.in,heri0661,applicant
662,Pioneer Naturals LLP,owner_662@pioneer.in,pion0662,applicant
663,Bharat Works Pvt Ltd,owner_663@bharat.in,bhar0663,applicant
664,Sunrise Agro Group,owner_664@sunrise.in,sunr0664,applicant
665,Heritage Enterprises Pvt Ltd,owner_665@heritage.in,heri0665,applicant
666,Apex Stores & Co.,owner_666@apex.in,apex0666,applicant
667,Royal Agro LLP,owner_667@royal.in,roya0667,applicant
668,Modern Tech Bros,owner_668@modern.in,mode0668,applicant
669,Star Fabrics LLP,owner_669@star.in,star0669,applicant
670,Sri Traders Group,owner_670@sri.in,srit0670,applicant
671,Prime Mills LLP,owner_671@prime.in,prim0671,applicant
672,Royal Consultancy Pvt Ltd,owner_672@royal.in,roya0672,applicant
673,Heritage Forge Bros,owner_673@heritage.in,heri0673,applicant
674,Swadeshi Mfg Bros,owner_674@swadeshi.in,swad0674,applicant
675,Apex Mart,owner_675@apex.in,apex0675,applicant
676,Sunrise Exports,owner_676@sunrise.in,sunr0676,applicant
677,Apex Foods,owner_677@apex.in,apex0677,applicant
678,Sri Ventures & Co.,owner_678@sri.in,sriv0678,applicant
679,Bharat Naturals & Co.,owner_679@bharat.in,bhar0679,applicant
680,Modern Services Bros,owner_680@modern.in,mode0680,applicant
681,Prime Enterprises,owner_681@prime.in,prim0681,applicant
682,Swadeshi Forge Group,owner_682@swadeshi.in,swad0682,applicant
683,National Consultancy,owner_683@national.in,nati0683,applicant
684,Eagle Forge Group,owner_684@eagle.in,eagl0684,applicant
685,Star Mills & Co.,owner_685@star.in,star0685,applicant
686,Star Tech,owner_686@star.in,star0686,applicant
687,Pioneer Works LLP,owner_687@pioneer.in,pion0687,applicant
688,Galaxy Retail,owner_688@galaxy.in,gala0688,applicant
689,Apex Retail Bros,owner_689@apex.in,apex0689,applicant
690,Sunrise Exports & Co.,owner_690@sunrise.in,sunr0690,applicant
691,Pioneer Enterprises,owner_691@pioneer.in,pion0691,applicant
692,Shree Works & Co.,owner_692@shree.in,shre0692,applicant
693,Shree Exports Pvt Ltd,owner_693@shree.in,shre0693,applicant
694,Bharat Mart Group,owner_694@bharat.in,bhar0694,applicant
695,Shree Works Pvt Ltd,owner_695@shree.in,shre0695,applicant
696,Shree Processors Group,owner_696@shree.in,shre0696,applicant
697,Heritage Industries Group,owner_697@heritage.in,heri0697,applicant
698,Apex Mfg Pvt Ltd,owner_698@apex.in,apex0698,applicant
699,Pioneer Mart Pvt Ltd,owner_699@pioneer.in,pion0699,applicant
700,National Weaves Bros,owner_700@national.in,nati0700,applicant
701,Swadeshi Weaves,owner_701@swadeshi.in,swad0701,applicant
702,Prime Ventures Group,owner_702@prime.in,prim0702,applicant
703,Eagle Forge Pvt Ltd,owner_703@eagle.in,eagl0703,applicant
704,Pioneer Components Bros,owner_704@pioneer.in,pion0704,applicant
705,Sri Mart Bros,owner_705@sri.in,srim0705,applicant
706,National Traders Pvt Ltd,owner_706@national.in,nati0706,applicant
707,Prime Works Pvt Ltd,owner_707@prime.in,prim0707,applicant
708,Royal Stores Group,owner_708@royal.in,roya0708,applicant
709,Sunrise Processors Bros,owner_709@sunrise.in,sunr0709,applicant
710,Bharat Agro LLP,owner_710@bharat.in,bhar0710,applicant
711,Prime Services Bros,owner_711@prime.in,prim0711,applicant
712,Bharat Textiles Pvt Ltd,owner_712@bharat.in,bhar0712,applicant
713,National Ventures Pvt Ltd,owner_713@national.in,nati0713,applicant
714,National Works LLP,owner_714@national.in,nati0714,applicant
715,Shree Textiles LLP,owner_715@shree.in,shre0715,applicant
716,Pioneer Traders & Co.,owner_716@pioneer.in,pion0716,applicant
717,Apex Weaves,owner_717@apex.in,apex0717,applicant
718,Royal Forge,owner_718@royal.in,roya0718,applicant
719,Eagle Enterprises Group,owner_719@eagle.in,eagl0719,applicant
720,Galaxy Industries Group,owner_720@galaxy.in,gala0720,applicant
721,Sri Works,owner_721@sri.in,sriw0721,applicant
722,Pioneer Components & Co.,owner_722@pioneer.in,pion0722,applicant
723,National Mart Bros,owner_723@national.in,nati0723,applicant
724,National Mills & Co.,owner_724@national.in,nati0724,applicant
725,Apex Consultancy Bros,owner_725@apex.in,apex0725,applicant
726,Eagle Services & Co.,owner_726@eagle.in,eagl0726,applicant
727,National Mart Bros,owner_727@national.in,nati0727,applicant
728,Shree Solutions Bros,owner_728@shree.in,shre0728,applicant
729,Bharat Weaves LLP,owner_729@bharat.in,bhar0729,applicant
730,Galaxy Enterprises Bros,owner_730@galaxy.in,gala0730,applicant
731,Star Services,owner_731@star.in,star0731,applicant
732,Star Exports Pvt Ltd,owner_732@star.in,star0732,applicant
733,Apex Consultancy LLP,owner_733@apex.in,apex0733,applicant
734,Royal Mart Bros,owner_734@royal.in,roya0734,applicant
735,Pioneer Mfg Group,owner_735@pioneer.in,pion0735,applicant
736,Bharat Components LLP,owner_736@bharat.in,bhar0736,applicant
737,Sri Consultancy Group,owner_737@sri.in,sric0737,applicant
738,Sri Services LLP,owner_738@sri.in,sris0738,applicant
739,Pioneer Tech LLP,owner_739@pioneer.in,pion0739,applicant
740,Royal Exports LLP,owner_740@royal.in,roya0740,applicant
741,Prime Industries Pvt Ltd,owner_741@prime.in,prim0741,applicant
742,Bharat Mart LLP,owner_742@bharat.in,bhar0742,applicant
743,Star Garments,owner_743@star.in,star0743,applicant
744,Sunrise Forge LLP,owner_744@sunrise.in,sunr0744,applicant
745,National Tech & Co.,owner_745@national.in,nati0745,applicant
746,Bharat Weaves LLP,owner_746@bharat.in,bhar0746,applicant
747,Star Stores LLP,owner_747@star.in,star0747,applicant
748,Sunrise Components Bros,owner_748@sunrise.in,sunr0748,applicant
749,Heritage Foods LLP,owner_749@heritage.in,heri0749,applicant
750,Royal Processors Bros,owner_750@royal.in,roya0750,applicant
751,Galaxy Tech,owner_751@galaxy.in,gala0751,applicant
752,Heritage Weaves Pvt Ltd,owner_752@heritage.in,heri0752,applicant
753,Apex Naturals Bros,owner_753@apex.in,apex0753,applicant
754,Prime Fabrics & Co.,owner_754@prime.in,prim0754,applicant
755,Royal Fabrics LLP,owner_755@royal.in,roya0755,applicant
756,National Naturals & Co.,owner_756@national.in,nati0756,applicant
757,Shree Naturals LLP,owner_757@shree.in,shre0757,applicant
758,Prime Fabrics LLP,owner_758@prime.in,prim0758,applicant
759,National Stores & Co.,owner_759@national.in,nati0759,applicant
760,Bharat Naturals Group,owner_760@bharat.in,bhar0760,applicant
761,Swadeshi Processors Group,owner_761@swadeshi.in,swad0761,applicant
762,Pioneer Enterprises & Co.,owner_762@pioneer.in,pion0762,applicant
763,Sunrise Mills,owner_763@sunrise.in,sunr0763,applicant
764,Heritage Components & Co.,owner_764@heritage.in,heri0764,applicant
765,Bharat Services Bros,owner_765@bharat.in,bhar0765,applicant
766,Sunrise Textiles,owner_766@sunrise.in,sunr0766,applicant
767,Star Services,owner_767@star.in,star0767,applicant
768,Sunrise Mfg Pvt Ltd,owner_768@sunrise.in,sunr0768,applicant
769,Swadeshi Exports Group,owner_769@swadeshi.in,swad0769,applicant
770,Sunrise Ventures Bros,owner_770@sunrise.in,sunr0770,applicant
771,Galaxy Retail & Co.,owner_771@galaxy.in,gala0771,applicant
772,Sunrise Exports & Co.,owner_772@sunrise.in,sunr0772,applicant
773,Sunrise Industries Bros,owner_773@sunrise.in,sunr0773,applicant
774,Prime Textiles,owner_774@prime.in,prim0774,applicant
775,Sri Tech Group,owner_775@sri.in,srit0775,applicant
776,Galaxy Traders & Co.,owner_776@galaxy.in,gala0776,applicant
777,Heritage Stores Group,owner_777@heritage.in,heri0777,applicant
778,Star Foods,owner_778@star.in,star0778,applicant
779,Apex Components Bros,owner_779@apex.in,apex0779,applicant
780,Heritage Works Pvt Ltd,owner_780@heritage.in,heri0780,applicant
781,Prime Mfg,owner_781@prime.in,prim0781,applicant
782,National Solutions Pvt Ltd,owner_782@national.in,nati0782,applicant
783,Shree Garments LLP,owner_783@shree.in,shre0783,applicant
784,Swadeshi Mills Group,owner_784@swadeshi.in,swad0784,applicant
785,Bharat Traders Group,owner_785@bharat.in,bhar0785,applicant
786,Heritage Traders,owner_786@heritage.in,heri0786,applicant
787,Royal Processors & Co.,owner_787@royal.in,roya0787,applicant
788,Galaxy Garments & Co.,owner_788@galaxy.in,gala0788,applicant
789,Bharat Forge LLP,owner_789@bharat.in,bhar0789,applicant
790,Shree Mills & Co.,owner_790@shree.in,shre0790,applicant
791,Shree Exports LLP,owner_791@shree.in,shre0791,applicant
792,Sri Industries LLP,owner_792@sri.in,srii0792,applicant
793,Prime Components Bros,owner_793@prime.in,prim0793,applicant
794,Apex Consultancy & Co.,owner_794@apex.in,apex0794,applicant
795,Eagle Naturals Bros,owner_795@eagle.in,eagl0795,applicant
796,Bharat Naturals Bros,owner_796@bharat.in,bhar0796,applicant
797,Heritage Services,owner_797@heritage.in,heri0797,applicant
798,Prime Retail LLP,owner_798@prime.in,prim0798,applicant
799,Star Processors & Co.,owner_799@star.in,star0799,applicant
800,Heritage Traders,owner_800@heritage.in,heri0800,applicant
801,Swadeshi Enterprises LLP,owner_801@swadeshi.in,swad0801,applicant
802,Eagle Consultancy,owner_802@eagle.in,eagl0802,applicant
803,Heritage Forge LLP,owner_803@heritage.in,heri0803,applicant
804,Sri Services & Co.,owner_804@sri.in,sris0804,applicant
805,Shree Enterprises Bros,owner_805@shree.in,shre0805,applicant
806,Royal Garments,owner_806@royal.in,roya0806,applicant
807,Heritage Foods Group,owner_807@heritage.in,heri0807,applicant
808,Star Stores Pvt Ltd,owner_808@star.in,star0808,applicant
809,National Stores & Co.,owner_809@national.in,nati0809,applicant
810,Apex Retail LLP,owner_810@apex.in,apex0810,applicant
811,Star Agro Group,owner_811@star.in,star0811,applicant
812,Shree Industries & Co.,owner_812@shree.in,shre0812,applicant
813,Sri Enterprises Bros,owner_813@sri.in,srie0813,applicant
814,Galaxy Processors,owner_814@galaxy.in,gala0814,applicant
815,Swadeshi Weaves Pvt Ltd,owner_815@swadeshi.in,swad0815,applicant
816,Eagle Mfg,owner_816@eagle.in,eagl0816,applicant
817,Royal Agro Pvt Ltd,owner_817@royal.in,roya0817,applicant
818,Prime Forge Group,owner_818@prime.in,prim0818,applicant
819,Heritage Works LLP,owner_819@heritage.in,heri0819,applicant
820,Star Solutions Bros,owner_820@star.in,star0820,applicant
821,National Mills Bros,owner_821@national.in,nati0821,applicant
822,Modern Stores LLP,owner_822@modern.in,mode0822,applicant
823,Star Enterprises LLP,owner_823@star.in,star0823,applicant
824,Bharat Textiles Pvt Ltd,owner_824@bharat.in,bhar0824,applicant
825,Swadeshi Mills,owner_825@swadeshi.in,swad0825,applicant
826,Sunrise Exports Bros,owner_826@sunrise.in,sunr0826,applicant
827,Eagle Components,owner_827@eagle.in,eagl0827,applicant
828,National Works,owner_828@national.in,nati0828,applicant
829,Galaxy Stores Group,owner_829@galaxy.in,gala0829,applicant
830,Star Weaves,owner_830@star.in,star0830,applicant
831,Swadeshi Foods Bros,owner_831@swadeshi.in,swad0831,applicant
832,Pioneer Garments LLP,owner_832@pioneer.in,pion0832,applicant
833,Sunrise Mfg & Co.,owner_833@sunrise.in,sunr0833,applicant
834,Eagle Services Bros,owner_834@eagle.in,eagl0834,applicant
835,National Processors Group,owner_835@national.in,nati0835,applicant
836,Royal Retail & Co.,owner_836@royal.in,roya0836,applicant
837,Pioneer Enterprises,owner_837@pioneer.in,pion0837,applicant
838,Heritage Industries Pvt Ltd,owner_838@heritage.in,heri0838,applicant
839,Heritage Tech & Co.,owner_839@heritage.in,heri0839,applicant
840,Star Mart & Co.,owner_840@star.in,star0840,applicant
841,Sunrise Ventures Group,owner_841@sunrise.in,sunr0841,applicant
842,Prime Processors & Co.,owner_842@prime.in,prim0842,applicant
843,Apex Mart Group,owner_843@apex.in,apex0843,applicant
844,Sunrise Processors & Co.,owner_844@sunrise.in,sunr0844,applicant
845,Star Consultancy,owner_845@star.in,star0845,applicant
846,Heritage Fabrics Pvt Ltd,owner_846@heritage.in,heri0846,applicant
847,Swadeshi Mart & Co.,owner_847@swadeshi.in,swad0847,applicant
848,Pioneer Services & Co.,owner_848@pioneer.in,pion0848,applicant
849,Apex Enterprises Bros,owner_849@apex.in,apex0849,applicant
850,Shree Naturals LLP,owner_850@shree.in,shre0850,applicant
851,Prime Forge LLP,owner_851@prime.in,prim0851,applicant
852,Apex Works LLP,owner_852@apex.in,apex0852,applicant
853,Modern Naturals LLP,owner_853@modern.in,mode0853,applicant
854,Pioneer Fabrics Group,owner_854@pioneer.in,pion0854,applicant
855,Shree Fabrics Bros,owner_855@shree.in,shre0855,applicant
856,Heritage Fabrics LLP,owner_856@heritage.in,heri0856,applicant
857,National Textiles & Co.,owner_857@national.in,nati0857,applicant
858,Modern Works Group,owner_858@modern.in,mode0858,applicant
859,Bharat Forge Pvt Ltd,owner_859@bharat.in,bhar0859,applicant
860,Bharat Consultancy Group,owner_860@bharat.in,bhar0860,applicant
861,Prime Enterprises Pvt Ltd,owner_861@prime.in,prim0861,applicant
862,Sri Ventures Bros,owner_862@sri.in,sriv0862,applicant
863,Prime Services Pvt Ltd,owner_863@prime.in,prim0863,applicant
864,Heritage Tech LLP,owner_864@heritage.in,heri0864,applicant
865,Star Industries Bros,owner_865@star.in,star0865,applicant
866,Sunrise Traders & Co.,owner_866@sunrise.in,sunr0866,applicant
867,Galaxy Naturals Pvt Ltd,owner_867@galaxy.in,gala0867,applicant
868,National Fabrics Pvt Ltd,owner_868@national.in,nati0868,applicant
869,Swadeshi Consultancy Pvt Ltd,owner_869@swadeshi.in,swad0869,applicant
870,Heritage Weaves Bros,owner_870@heritage.in,heri0870,applicant
871,Shree Components & Co.,owner_871@shree.in,shre0871,applicant
872,Apex Solutions Group,owner_872@apex.in,apex0872,applicant
873,Shree Naturals Group,owner_873@shree.in,shre0873,applicant
874,National Weaves,owner_874@national.in,nati0874,applicant
875,Star Garments Bros,owner_875@star.in,star0875,applicant
876,Modern Garments & Co.,owner_876@modern.in,mode0876,applicant
877,National Foods & Co.,owner_877@national.in,nati0877,applicant
878,Sri Solutions LLP,owner_878@sri.in,sris0878,applicant
879,Eagle Stores Bros,owner_879@eagle.in,eagl0879,applicant
880,Apex Ventures Bros,owner_880@apex.in,apex0880,applicant
881,Shree Stores,owner_881@shree.in,shre0881,applicant
882,Eagle Mfg LLP,owner_882@eagle.in,eagl0882,applicant
883,Heritage Solutions Bros,owner_883@heritage.in,heri0883,applicant
884,Apex Garments Pvt Ltd,owner_884@apex.in,apex0884,applicant
885,Heritage Retail Pvt Ltd,owner_885@heritage.in,heri0885,applicant
886,Heritage Textiles,owner_886@heritage.in,heri0886,applicant
887,Prime Foods,owner_887@prime.in,prim0887,applicant
888,Pioneer Foods Pvt Ltd,owner_888@pioneer.in,pion0888,applicant
889,Galaxy Works LLP,owner_889@galaxy.in,gala0889,applicant
890,Shree Garments Group,owner_890@shree.in,shre0890,applicant
891,Modern Retail LLP,owner_891@modern.in,mode0891,applicant
892,Galaxy Consultancy Pvt Ltd,owner_892@galaxy.in,gala0892,applicant
893,Modern Traders Pvt Ltd,owner_893@modern.in,mode0893,applicant
894,Prime Components & Co.,owner_894@prime.in,prim0894,applicant
895,Apex Services Group,owner_895@apex.in,apex0895,applicant
896,National Works Bros,owner_896@national.in,nati0896,applicant
897,Royal Services & Co.,owner_897@royal.in,roya0897,applicant
898,Heritage Enterprises & Co.,owner_898@heritage.in,heri0898,applicant
899,Shree Industries LLP,owner_899@shree.in,shre0899,applicant
900,Prime Retail Bros,owner_900@prime.in,prim0900,applicant
901,National Foods Bros,owner_901@national.in,nati0901,applicant
902,Sunrise Processors,owner_902@sunrise.in,sunr0902,applicant
903,Sri Naturals Group,owner_903@sri.in,srin0903,applicant
904,Galaxy Ventures Pvt Ltd,owner_904@galaxy.in,gala0904,applicant
905,Apex Ventures Bros,owner_905@apex.in,apex0905,applicant
906,Apex Traders Group,owner_906@apex.in,apex0906,applicant
907,Eagle Works & Co.,owner_907@eagle.in,eagl0907,applicant
908,Bharat Ventures Group,owner_908@bharat.in,bhar0908,applicant
909,Sunrise Traders & Co.,owner_909@sunrise.in,sunr0909,applicant
910,Apex Foods Group,owner_910@apex.in,apex0910,applicant
911,Modern Tech Group,owner_911@modern.in,mode0911,applicant
912,National Solutions & Co.,owner_912@national.in,nati0912,applicant
913,Shree Foods Group,owner_913@shree.in,shre0913,applicant
914,Royal Exports & Co.,owner_914@royal.in,roya0914,applicant
915,Galaxy Consultancy Group,owner_915@galaxy.in,gala0915,applicant
916,Eagle Components Bros,owner_916@eagle.in,eagl0916,applicant
917,Prime Components Pvt Ltd,owner_917@prime.in,prim0917,applicant
918,Star Components Pvt Ltd,owner_918@star.in,star0918,applicant
919,Galaxy Fabrics Group,owner_919@galaxy.in,gala0919,applicant
920,Eagle Forge & Co.,owner_920@eagle.in,eagl0920,applicant
921,Prime Traders Bros,owner_921@prime.in,prim0921,applicant
922,Sri Fabrics Group,owner_922@sri.in,srif0922,applicant
923,Bharat Foods LLP,owner_923@bharat.in,bhar0923,applicant
924,Apex Mart,owner_924@apex.in,apex0924,applicant
925,Bharat Fabrics Group,owner_925@bharat.in,bhar0925,applicant
926,Apex Textiles Pvt Ltd,owner_926@apex.in,apex0926,applicant
927,Star Fabrics,owner_927@star.in,star0927,applicant
928,Sri Forge,owner_928@sri.in,srif0928,applicant
929,National Services,owner_929@national.in,nati0929,applicant
930,Galaxy Retail Group,owner_930@galaxy.in,gala0930,applicant
931,Star Weaves Bros,owner_931@star.in,star0931,applicant
932,Bharat Tech Bros,owner_932@bharat.in,bhar0932,applicant
933,Prime Industries Bros,owner_933@prime.in,prim0933,applicant
934,Apex Ventures & Co.,owner_934@apex.in,apex0934,applicant
935,Sunrise Weaves LLP,owner_935@sunrise.in,sunr0935,applicant
936,Heritage Naturals LLP,owner_936@heritage.in,heri0936,applicant
937,Sri Services,owner_937@sri.in,sris0937,applicant
938,Bharat Services,owner_938@bharat.in,bhar0938,applicant
939,Prime Garments Bros,owner_939@prime.in,prim0939,applicant
940,Sunrise Ventures Pvt Ltd,owner_940@sunrise.in,sunr0940,applicant
941,Bharat Traders,owner_941@bharat.in,bhar0941,applicant
942,Star Foods LLP,owner_942@star.in,star0942,applicant
943,Swadeshi Ventures & Co.,owner_943@swadeshi.in,swad0943,applicant
944,Shree Forge & Co.,owner_944@shree.in,shre0944,applicant
945,Sunrise Forge Pvt Ltd,owner_945@sunrise.in,sunr0945,applicant
946,Eagle Processors & Co.,owner_946@eagle.in,eagl0946,applicant
947,Galaxy Forge LLP,owner_947@galaxy.in,gala0947,applicant
948,Galaxy Processors Bros,owner_948@galaxy.in,gala0948,applicant
949,Pioneer Works & Co.,owner_949@pioneer.in,pion0949,applicant
950,Bharat Mart LLP,owner_950@bharat.in,bhar0950,applicant
951,Bharat Mart & Co.,owner_951@bharat.in,bhar0951,applicant
952,National Agro Bros,owner_952@national.in,nati0952,applicant
953,Bharat Enterprises LLP,owner_953@bharat.in,bhar0953,applicant
954,Eagle Stores Bros,owner_954@eagle.in,eagl0954,applicant
955,National Forge & Co.,owner_955@national.in,nati0955,applicant
956,Eagle Naturals & Co.,owner_956@eagle.in,eagl0956,applicant
957,Heritage Mart Group,owner_957@heritage.in,heri0957,applicant
958,Swadeshi Industries,owner_958@swadeshi.in,swad0958,applicant
959,Apex Stores,owner_959@apex.in,apex0959,applicant
960,Royal Retail Group,owner_960@royal.in,roya0960,applicant
961,Pioneer Foods Group,owner_961@pioneer.in,pion0961,applicant
962,Pioneer Components Group,owner_962@pioneer.in,pion0962,applicant
963,National Enterprises Bros,owner_963@national.in,nati0963,applicant
964,Apex Naturals Pvt Ltd,owner_964@apex.in,apex0964,applicant
965,Heritage Mart Bros,owner_965@heritage.in,heri0965,applicant
966,National Fabrics Bros,owner_966@national.in,nati0966,applicant
967,Apex Ventures,owner_967@apex.in,apex0967,applicant
968,Prime Ventures,owner_968@prime.in,prim0968,applicant
969,Modern Consultancy Bros,owner_969@modern.in,mode0969,applicant
970,Bharat Industries & Co.,owner_970@bharat.in,bhar0970,applicant
971,Modern Garments Group,owner_971@modern.in,mode0971,applicant
972,Eagle Foods Pvt Ltd,owner_972@eagle.in,eagl0972,applicant
973,Sunrise Stores Bros,owner_973@sunrise.in,sunr0973,applicant
974,Swadeshi Foods LLP,owner_974@swadeshi.in,swad0974,applicant
975,Galaxy Tech,owner_975@galaxy.in,gala0975,applicant
976,Prime Weaves Pvt Ltd,owner_976@prime.in,prim0976,applicant
977,Swadeshi Foods Bros,owner_977@swadeshi.in,swad0977,applicant
978,Sunrise Processors & Co.,owner_978@sunrise.in,sunr0978,applicant
979,Prime Industries Pvt Ltd,owner_979@prime.in,prim0979,applicant
980,Bharat Mills Group,owner_980@bharat.in,bhar0980,applicant
981,Royal Retail Pvt Ltd,owner_981@royal.in,roya0981,applicant
982,Prime Agro Pvt Ltd,owner_982@prime.in,prim0982,applicant
983,Bharat Retail LLP,owner_983@bharat.in,bhar0983,applicant
984,Prime Naturals Group,owner_984@prime.in,prim0984,applicant
985,Galaxy Works LLP,owner_985@galaxy.in,gala0985,applicant
986,Prime Solutions & Co.,owner_986@prime.in,prim0986,applicant
987,Modern Solutions Group,owner_987@modern.in,mode0987,applicant
988,National Consultancy & Co.,owner_988@national.in,nati0988,applicant
989,Heritage Forge Bros,owner_989@heritage.in,heri0989,applicant
990,Pioneer Tech Group,owner_990@pioneer.in,pion0990,applicant
991,Modern Fabrics Group,owner_991@modern.in,mode0991,applicant
992,Pioneer Mart LLP,owner_992@pioneer.in,pion0992,applicant
993,Sunrise Traders Bros,owner_993@sunrise.in,sunr0993,applicant
994,Heritage Mfg Bros,owner_994@heritage.in,heri0994,applicant
995,Sri Mart Bros,owner_995@sri.in,srim0995,applicant
996,Eagle Agro & Co.,owner_996@eagle.in,eagl0996,applicant
997,Royal Naturals LLP,owner_997@royal.in,roya0997,applicant
998,Shree Fabrics,owner_998@shree.in,shre0998,applicant
999,Apex Weaves LLP,owner_999@apex.in,apex0999,applicant
1000,Sri Forge,owner_1000@sri.in,srif1000,applicant
